{
  "Post Books" : {
    "transaction" : "Post Books",
    "sampleCount" : 2,
    "errorCount" : 2,
    "errorPct" : 100.0,
    "meanResTime" : 5.0,
    "medianResTime" : 5.0,
    "minResTime" : 3.0,
    "maxResTime" : 7.0,
    "pct1ResTime" : 7.0,
    "pct2ResTime" : 7.0,
    "pct3ResTime" : 7.0,
    "throughput" : 285.7142857142857,
    "receivedKBytesPerSec" : 622.7678571428571,
    "sentKBytesPerSec" : 0.0
  },
  "Get ALL Books" : {
    "transaction" : "Get ALL Books",
    "sampleCount" : 2,
    "errorCount" : 2,
    "errorPct" : 100.0,
    "meanResTime" : 72.0,
    "medianResTime" : 72.0,
    "minResTime" : 72.0,
    "maxResTime" : 72.0,
    "pct1ResTime" : 72.0,
    "pct2ResTime" : 72.0,
    "pct3ResTime" : 72.0,
    "throughput" : 27.397260273972602,
    "receivedKBytesPerSec" : 64.64041095890411,
    "sentKBytesPerSec" : 0.0
  },
  "PUT Book" : {
    "transaction" : "PUT Book",
    "sampleCount" : 2,
    "errorCount" : 2,
    "errorPct" : 100.0,
    "meanResTime" : 0.0,
    "medianResTime" : 0.0,
    "minResTime" : 0.0,
    "maxResTime" : 0.0,
    "pct1ResTime" : 0.0,
    "pct2ResTime" : 0.0,
    "pct3ResTime" : 0.0,
    "throughput" : 1000.0,
    "receivedKBytesPerSec" : 2179.6875,
    "sentKBytesPerSec" : 0.0
  },
  "Delete Book" : {
    "transaction" : "Delete Book",
    "sampleCount" : 2,
    "errorCount" : 2,
    "errorPct" : 100.0,
    "meanResTime" : 0.0,
    "medianResTime" : 0.0,
    "minResTime" : 0.0,
    "maxResTime" : 0.0,
    "pct1ResTime" : 0.0,
    "pct2ResTime" : 0.0,
    "pct3ResTime" : 0.0,
    "throughput" : 2000.0,
    "receivedKBytesPerSec" : 2355.46875,
    "sentKBytesPerSec" : 0.0
  },
  "Total" : {
    "transaction" : "Total",
    "sampleCount" : 10,
    "errorCount" : 10,
    "errorPct" : 100.0,
    "meanResTime" : 15.6,
    "medianResTime" : 1.0,
    "minResTime" : 0.0,
    "maxResTime" : 72.0,
    "pct1ResTime" : 72.0,
    "pct2ResTime" : 72.0,
    "pct3ResTime" : 72.0,
    "throughput" : 101.01010101010101,
    "receivedKBytesPerSec" : 203.55902777777777,
    "sentKBytesPerSec" : 0.0
  },
  "Get Book" : {
    "transaction" : "Get Book",
    "sampleCount" : 2,
    "errorCount" : 2,
    "errorPct" : 100.0,
    "meanResTime" : 1.0,
    "medianResTime" : 1.0,
    "minResTime" : 0.0,
    "maxResTime" : 2.0,
    "pct1ResTime" : 2.0,
    "pct2ResTime" : 2.0,
    "pct3ResTime" : 2.0,
    "throughput" : 500.0,
    "receivedKBytesPerSec" : 1089.84375,
    "sentKBytesPerSec" : 0.0
  }
}