{
  "GET All Activities" : {
    "transaction" : "GET All Activities",
    "sampleCount" : 1,
    "errorCount" : 1,
    "errorPct" : 100.0,
    "meanResTime" : 99589.0,
    "medianResTime" : 99589.0,
    "minResTime" : 99589.0,
    "maxResTime" : 99589.0,
    "pct1ResTime" : 99589.0,
    "pct2ResTime" : 99589.0,
    "pct3ResTime" : 99589.0,
    "throughput" : 0.010041269618130516,
    "receivedKBytesPerSec" : 0.0027848833706533853,
    "sentKBytesPerSec" : 0.0018729321260380163
  },
  "Total" : {
    "transaction" : "Total",
    "sampleCount" : 1,
    "errorCount" : 1,
    "errorPct" : 100.0,
    "meanResTime" : 99589.0,
    "medianResTime" : 99589.0,
    "minResTime" : 99589.0,
    "maxResTime" : 99589.0,
    "pct1ResTime" : 99589.0,
    "pct2ResTime" : 99589.0,
    "pct3ResTime" : 99589.0,
    "throughput" : 0.010041269618130516,
    "receivedKBytesPerSec" : 0.0027848833706533853,
    "sentKBytesPerSec" : 0.0018729321260380163
  }
}